order_id,customer_id,rating,comments
1497,919,2,Decision yes either look.
4075,90,3,Technology series we near hold why.
3112,558,1,Security four hit space collection.
1024,22,3,Hear son hotel.
2372,372,4,Hand these area left.
3097,3,1,Until center room enough price end test establish.
1847,111,4,Put better per billion sport spring budget worker.
1592,494,4,Read significant my.
3988,153,4,Serious young play conference.
1587,963,5,Popular well message tax.
3964,383,5,Majority police behind song interview however shoulder career.
777,833,1,Meeting perform statement weight matter stand trouble.
4604,37,5,Determine within husband try.
4320,105,1,Unit senior letter no.
576,984,5,Itself really large.
252,748,3,Quality tonight old top.
4536,47,5,Large involve south husband.
342,857,3,Away painting amount direction tonight sing his.
4143,532,4,Until animal newspaper can tonight information begin.
2060,588,3,Bank system item him.
4164,547,1,Customer floor chair public information low manager administration.
214,810,2,Ten guy nothing edge understand.
50,51,5,Finally I do according care wife write.
2341,399,4,Simple not lay prove however operation who.
2182,480,4,Federal blue quite only fill.
4443,517,4,Sister raise laugh.
4042,592,4,Question coach down project husband.
3532,644,2,Share prepare light order its here.
2317,187,3,Operation matter energy.
4337,499,2,Deep thank finally simply police.
2593,979,1,Through now world other.
4087,669,1,Girl herself many affect.
3657,944,5,Know space price reduce.
4581,223,2,Test century watch the care really.
2611,696,4,Much their your side no price bar book.
4375,134,4,Program price turn.
3170,207,4,Like treat deal position.
37,134,1,Thing memory seat happen.
1452,206,1,Thing already program anyone western market.
271,645,1,Nice he exactly good cup hit health.
3064,958,4,Tell reduce account son base window.
2796,119,5,Compare thank will specific itself scientist would.
1703,747,5,Defense force item personal no guy.
3985,128,5,On hotel approach court by bar.
605,945,5,Either catch skin nice Mr local easy.
4504,665,2,Others forget nation old address conference test.
4720,762,3,Senior standard personal name age drug former science.
3228,803,5,Cup politics white fear.
4066,543,2,Land source nearly short bed another cup manager.
3756,659,1,Born side interesting bank.
2242,783,2,New brother poor often kitchen.
312,310,2,Season respond teacher season.
1779,991,2,Win budget those card if.
331,346,3,Military find full against surface.
4801,616,1,Citizen space arm spring thing.
4652,674,1,Use window difficult stop.
4465,100,5,Act miss stage doctor.
2452,402,1,Likely series process central we.
1756,756,5,Such bag stand half almost seem.
1112,523,2,Author allow here price.
4547,304,3,Allow week executive.
1323,635,5,Carry record whether friend radio.
935,80,3,And per generation figure.
51,227,2,Question film once send.
84,411,3,Growth music attorney daughter point.
1609,492,2,Voice second meeting manager produce part.
3448,22,5,Recognize test current modern program main.
1667,82,5,Radio sense million believe the nature.
1554,163,1,Indicate under stay seat them partner.
183,431,3,Leg difficult glass choice be cover.
202,152,5,Share management or report world.
3631,406,2,Avoid use baby family detail cold use.
3836,514,5,Win sign thought add.
835,85,5,Crime five power tax employee base boy.
83,834,4,Should reason to risk set report some.
2513,71,3,Kind by agree head.
1475,822,5,Have point tough ok.
2454,592,3,Policy trip mind.
2654,355,4,Result food close including rock actually tonight too.
1141,157,2,So system both remain chance.
954,685,4,Far gas everybody simple student visit marriage.
4216,10,5,Hot standard perform laugh.
418,556,5,Account successful seem share.
1152,789,2,Mrs peace live cell news agree describe prove.
4210,525,2,Republican professor growth next foot because drop.
4469,767,2,Generation trip return only.
3986,883,3,She school property computer return figure.
1480,170,3,Take individual street lawyer letter officer democratic best.
4335,126,3,Tv your page condition yourself.
469,390,3,Data often blue cause even.
1955,94,4,Sea professor top process change election.
2114,848,5,Officer just staff month both probably.
3456,151,5,Possible recognize vote whose Congress stage evening.
2754,242,3,Little wonder form Democrat.
4952,321,3,Whose just moment level fine stop.
1935,1000,2,Bag east product.
4583,253,2,Movie individual different draw thus.
780,683,2,Every blue song I economic.
500,35,5,Tough sense grow because four not arm.
525,770,2,Player per evening seek budget water.
4971,76,3,Boy perhaps hope participant.
2429,559,1,Begin interesting minute until development law item.
4434,979,1,Relate ten option simple or your now.
4588,76,1,Wide hard feel probably in up instead start.
4865,630,5,Buy group today tough position.
1325,495,4,Eye black maintain station.
2928,144,5,Almost newspaper paper simple exactly win nature.
3901,59,5,Suddenly exist may arm.
2436,31,1,Social indeed service my idea.
3601,827,4,Stage population present see wrong lead.
1465,930,1,Card medical involve plan lose model through.
4534,671,3,I enjoy week maybe shoulder.
1092,461,5,Day in when identify yourself son base.
69,478,2,True before wind cause of fund see.
1444,713,5,Nearly admit audience cover tend now appear play.
913,865,3,Left air coach hear force discuss.
3171,498,2,Help west our community do left.
923,741,5,Score here structure down bar turn never people.
4720,568,3,Stock save benefit.
1749,893,1,Stuff well animal surface some.
3389,341,4,Kid worry country article.
3039,498,1,Hour hair meeting continue peace picture.
1455,848,5,Right issue discuss simply bad a behavior.
2411,320,5,Agency left debate billion.
266,147,2,Toward white gun since.
1285,28,4,This he indeed heart fact.
2466,413,5,Then and plant agent investment pattern power western.
3971,735,2,Issue series cultural single yet occur foot.
4144,449,5,Or event standard sign today.
2209,335,2,Position would attack table site chance test.
4732,317,1,Positive draw pass water traditional.
4924,8,2,Threat eye beat take may necessary.
1606,748,4,Early film what main.
3670,853,5,Also help partner.
843,666,2,Miss factor plan mean establish entire.
4244,812,1,Try information difficult movie.
1482,399,1,Though describe center.
4038,213,4,Town close stay bad citizen.
1109,988,3,Seek despite particular certainly impact environment collection.
1352,675,2,Here pick finally necessary serve our like important.
4688,200,1,Bed name think measure agreement bed political.
2238,117,3,Another individual life adult contain entire.
4103,196,4,War everything most kitchen clearly law.
3603,794,3,Quickly newspaper attention product movement.
3281,882,2,Job add particularly buy thousand someone those thousand.
4430,775,3,Tonight society audience data something paper financial.
4155,715,5,Reduce pattern character ability.
325,616,5,Garden experience job hope.
3682,337,5,Clear difference painting health cover hot.
4868,276,5,Understand front much white method lay.
2413,379,4,Election finish camera system.
893,900,2,Drug artist low reach save.
3069,587,5,Company citizen summer statement least.
2823,364,4,Letter small drop cost least.
588,506,1,Set cost piece.
788,616,5,Than couple best race western grow doctor trial.
4051,86,3,Wind step fill.
389,400,1,Gun five wear note good part.
3555,675,1,Question wear coach loss.
892,84,5,Industry decide reveal.
4977,698,2,Citizen go hospital responsibility attention method recent include.
3308,432,2,Be reality reveal to identify.
239,517,4,Color consider can most article.
3230,904,3,Would from sister.
1428,591,3,Attorney from after but option physical beat.
4151,765,5,Fish wish so do spring assume nearly.
3587,684,5,Those hit defense happen tonight wait.
3103,509,3,Official that positive charge concern source.
1002,198,3,In mind today them design.
2601,557,2,Animal area so movement.
2614,519,2,Result take air indeed party.
4311,49,4,At beyond new tough cost.
4672,820,5,Similar back allow property.
12,871,3,Marriage spring seven president.
3016,303,2,Then question through set event.
4417,126,4,Cause staff student sometimes continue.
427,93,4,Try well magazine your word marriage our.
402,569,5,Stay hard cost cost present Mrs.
1271,425,4,Name recently you to leave appear enter heavy.
1155,416,4,Miss care however low who enter.
2413,343,2,Perhaps night tend single none want like.
4449,314,1,Another along physical finish challenge election control.
4697,669,2,Avoid career just dinner ahead.
2168,560,2,Wish card lawyer memory short hand.
1326,445,5,Recognize blue manager he.
4650,944,2,Short particularly list tax camera our matter.
1847,528,2,Hard cover such new behavior.
803,1,3,Store we international month these get.
2968,218,3,Yeah soon think wide prevent.
4514,954,1,Process try tax Republican.
413,852,1,Only suddenly sign us issue room structure.
101,739,4,Enter professor paper attorney hear.
2795,549,3,Affect together notice since.
4368,152,5,Minute difficult may indeed each significant usually.
2285,142,5,Among evening science bad commercial age.
3674,219,2,Begin beautiful service artist dinner short.
3053,965,5,Key song while product night.
3972,969,2,College receive music weight open see build.
580,905,3,Group building sense son scene my up billion.
992,378,3,Visit then public want or last dark.
3945,545,3,Condition thousand bit partner discuss better particular or.
2065,365,3,Push only current good fast produce wish.
4840,774,2,Wonder put seem tree.
3997,967,5,Become film accept new thousand risk.
3442,396,5,Listen we mission economy move game.
1361,229,4,Support left someone resource.
2732,35,1,Education discussion edge it five agree sense relate.
3184,590,5,Current effort whom behavior may beat across.
3803,880,3,Lot magazine side some.
3654,490,4,Town smile truth parent.
4605,452,3,Talk enjoy sell drop.
2402,347,1,Suddenly sing investment recently according.
3833,571,5,Mean she at sister draw little especially body.
1394,808,3,Single phone life eight.
4924,993,4,Strong fish couple claim.
345,763,4,Particular read community wear during face.
546,407,1,Cut music can animal.
501,220,5,Them student response song.
1415,497,4,With seat sure popular health.
758,53,4,Gun realize soon model.
4561,472,3,Become article understand of person attorney charge.
1706,402,1,Song second success.
1527,259,3,Me role ten material.
1594,904,5,Order force out traditional.
1063,287,4,Up painting effect tree past ten control.
4796,672,1,Industry total organization only.
51,312,1,Board watch recognize.
2884,574,1,Beautiful book start section approach main.
1864,262,5,Responsibility wrong challenge result choice remain.
2457,71,3,Pick one draw time.
2737,329,5,Choice put exactly he.
4066,71,2,Challenge by certainly natural heart somebody whose.
2859,726,1,Stand government draw seek war speak.
2305,132,3,Thank many plan debate situation.
819,291,4,Thank security possible movie read sense spring.
4922,690,2,Simply executive stand team commercial sit.
2335,825,1,Third suggest ever commercial.
1765,793,2,Professional myself mean window instead lose.
3864,588,5,Center hot must mission art design.
1399,894,3,Station identify pressure college must much must ground.
1217,162,4,Become reach approach this.
4043,778,1,Through during usually company happy.
3174,524,1,Across common condition plan war.
2598,214,1,Whom great fund position better tonight.
2928,347,3,Event upon successful allow take head.
4147,735,3,Play young window assume contain perform.
3566,121,2,Century instead grow actually hard.
3534,41,4,Book at set media store play would.
3606,529,2,Quickly away hair someone.
1019,656,4,Into meet serve note cell.
1963,673,1,Ball painting body forget.
1620,204,3,Do under in teacher money tough world.
3573,753,3,Forget so catch matter among.
1562,534,2,Answer all southern stop.
4727,745,3,Position throughout natural effort stage.
4231,787,3,Throw meeting sell PM guy pull size four.
3572,1,3,Where claim gas again head.
3461,298,5,Indeed indeed tell growth life report.
1187,862,3,Example establish return.
4783,47,3,Edge during bad source.
3265,299,3,Mouth reveal quickly day authority professional.
2350,883,2,Kind guess speech federal them.
2738,620,1,Key opportunity stock upon and front.
4884,455,1,Institution decade side page investment.
2648,165,1,Remain friend happy large.
3132,329,1,Difference assume fly market television.
945,981,4,Trouble company local improve.
40,151,1,Former edge stuff recent man tax.
3302,21,1,Your clear analysis television act.
3592,434,1,Think listen more ahead natural.
1858,472,1,Admit area lawyer risk people.
4897,770,3,Since make do feel accept degree strategy week.
3303,295,3,Country good purpose music truth.
4587,75,3,Design consumer head shoulder top enjoy.
1849,22,2,Fact strategy check line purpose bar do possible.
1704,821,1,Amount item list four.
4689,274,1,Make develop affect everyone direction.
2095,958,2,Organization window east put me when finally very.
82,834,5,Statement sort new grow.
4311,637,5,Future various we.
1816,173,2,Beyond serve business health cell change.
2578,895,1,Couple enter own program international pay.
4049,933,3,Certainly once bed themselves.
4943,626,3,Friend national young when civil network.
3353,398,1,Particular blood fight entire follow mission foreign must.
2977,609,5,Similar someone say artist keep.
4723,652,3,Our camera road point.
3028,517,2,Law image ability tax pay goal think until.
2207,764,3,Hair behavior music across pretty room.
619,902,2,Take service road yeah trial form.
1874,847,5,At common shake sort particularly prepare wish.
582,620,2,Open college view.
3921,143,3,Since use collection focus nor service full.
4298,543,1,Full throughout lead amount.
2733,460,3,Certain new history hand everybody.
3095,29,5,Check suggest property member direction born.
2314,134,3,Along experience near method whole measure.
3043,780,2,Evidence model government natural.
2286,220,4,Under degree back.
1760,853,1,Work any artist individual note process gas.
4664,713,2,Save easy town light fish however.
2631,473,1,Drop for different.
1292,917,1,Her ahead really their half.
788,994,2,Kitchen everything feeling finally center actually century.
4796,711,3,Well sound Congress study.
3824,311,5,Act same go song.
2385,269,4,Son song two tree.
2980,361,4,Easy say throughout not smile free from experience.
3239,269,4,Tonight everyone her author couple head series.
3358,261,4,Audience recently weight seem.
3635,738,5,Hit need kind PM sell.
785,851,5,Benefit newspaper whatever.
715,332,3,Generation one which share occur well.
3808,829,2,Exist national hear first last.
2560,237,2,Side eye building past under.
3993,805,5,Make low guy heavy anyone.
1715,896,2,In road mind yet finally finally same beyond.
2192,999,1,Experience seek should off series half.
3795,8,3,Chance admit action.
4452,75,2,Will those maybe drive sign to goal.
1782,249,5,White law race film space.
4607,195,4,Compare technology be support kitchen myself police.
3440,209,4,Reveal sign during down.
143,651,1,Theory able it physical.
3641,537,1,Up politics until against.
1595,661,4,Be box human.
4867,915,1,Paper high chair type provide.
3525,393,5,Picture economy hand likely able.
3411,241,3,One plant although Mrs but never help.
3567,929,2,Congress few chair tell.
3949,912,5,Condition into response prove cut.
4463,187,3,Chance later teacher.
3505,798,3,Her alone spend.
525,939,2,Along who be set top can prevent.
4066,677,1,Newspaper rather clearly state feel high.
3744,363,2,Knowledge gas movie religious increase both.
4290,70,1,Party what great summer.
3840,330,4,Discussion gas group.
1413,398,2,Glass loss national police probably professional as long.
2426,569,4,Important mention kind dinner method interesting.
3509,1000,3,Piece military decade.
1377,117,3,Network able build knowledge audience response member.
4343,790,4,Play development base my return whole trip.
1302,583,3,Continue first future.
3917,217,2,Back policy activity teacher.
4175,179,2,Safe Democrat some laugh from discover.
4301,317,4,Rate when most tax could although.
1084,211,3,Summer imagine thing no design begin despite.
4649,961,2,Finally rock especially not receive per somebody.
1126,711,3,Attack animal trial some yourself analysis.
881,291,4,Assume create again between hot.
1880,119,2,Clearly artist art.
449,870,4,Think mean tree may even.
1871,113,2,How support another.
2888,292,5,Together teach hit oil agreement.
2702,277,2,Grow husband save available evening religious including.
712,858,1,Action quality its ask.
146,951,2,Growth administration stuff size bring statement.
4162,266,2,Between answer follow before see know.
4398,211,2,Board including every herself event land.
2993,149,3,Mind memory mean rule nation.
1178,380,2,Read suggest from quite.
1007,87,2,Might write likely party visit well.
4528,596,4,Individual treat it.
2137,576,5,Feel strategy study four short commercial.
2975,850,1,Laugh despite tough cause early.
3218,41,4,Yes day work public image term there.
489,517,2,Word somebody Democrat stop inside.
4041,340,2,Carry model sing already.
2980,937,3,Prepare analysis send boy.
4973,217,2,Religious return entire professor.
666,545,4,Fight now able teacher radio.
776,440,2,Talk couple thank it Democrat room.
3341,795,1,Nothing through garden machine more difficult quality knowledge.
2625,526,5,Rich reason without certain.
3864,867,4,Hit important set recent environmental bad.
2679,677,3,Commercial difference week however general.
3239,796,1,Reason imagine similar along ahead you million.
793,102,3,Help group cup night.
2041,261,5,Create happy hundred federal.
3112,787,2,Learn word become long company where young.
1593,922,5,Game deep open interest practice.
4868,533,1,Represent him term compare.
410,573,1,Dream cause front she speak nation condition.
2944,520,4,Within most there figure instead strong executive.
3285,814,1,Modern night everyone ago check.
4423,56,1,Within information half wide likely wide choose.
4466,72,5,Friend wind yourself avoid strategy matter voice.
1059,507,3,Question true factor identify reduce claim fight.
2866,389,5,Continue anything plan interview way current cell.
3019,97,5,To industry why word.
991,164,2,People cause authority look radio this.
1184,612,2,Pay way stay second staff.
918,397,1,Recent son policy every lawyer star woman.
2993,420,1,Community site goal.
3611,111,2,Fall develop compare mean really forward real.
4268,919,1,Range point appear PM check mind.
3463,277,1,Hear increase anyone such heavy.
739,379,1,Simply and water simple speech.
1199,53,1,Move word rest scene paper.
1182,542,3,Serve spring national side.
1557,685,3,Issue include change music.
2134,604,5,Use detail value laugh.
2296,77,2,Meeting computer thing yeah sister without third.
2602,938,1,Voice prevent among relate.
1423,907,4,Wear past management all small others loss.
1205,812,5,Loss film continue his.
4790,615,1,Approach ground claim word project another.
2359,377,3,Dream like report off sure figure.
814,451,4,State any bit front spring.
4127,978,5,Down again sense increase and still.
1015,595,1,Early answer including wife.
2293,641,3,Simply man court blood would attorney.
2595,8,4,Me war quite white item side anything.
121,636,3,Rate watch well onto.
2487,138,5,Future position understand his challenge easy claim.
1020,54,3,Buy face pattern fund field ahead visit.
349,864,3,Maybe everything life manager.
3950,947,3,Popular success fact organization before agent.
4689,79,2,Million so close east drug.
3055,281,5,Check series front series.
3073,747,5,Work none all customer lay talk.
4135,491,3,Discuss model left your pull candidate social.
4197,520,3,Decision owner life ask.
1162,22,4,Safe option each seem.
1196,648,1,Up herself already hour.
3691,465,5,North resource rate simple.
4109,555,4,Ready yeah cover government.
193,923,1,Picture put money air citizen wait.
1836,815,5,Rest management according remain popular just.
3169,450,3,Hard finally drop follow eye thus us.
3313,216,1,Single simple hundred fly industry.
332,504,5,Arm plant action prevent throw continue.
4370,346,5,Try believe your machine friend other.
3989,576,2,One economy order dinner dream administration.
1288,565,4,Fund close half forget charge themselves.
2110,699,2,Fire effort low.
138,607,1,Head behind staff its care.
541,47,4,Ok company big class structure.
4522,430,5,Skin foreign traditional I PM.
570,473,1,Time behavior relationship run.
504,579,4,Population red American anyone someone real organization south.
131,974,3,Effort them ahead room machine find production.
2898,595,3,Hour leg it bank ability remember view against.
3439,451,5,Sell late rich off wall evidence.
3856,100,2,Doctor after American become professor that.
1766,745,4,Station between position measure thousand baby recognize.
2181,595,3,Your choice lawyer seat.
2990,63,3,Hope else activity reflect stock upon.
4989,268,5,Really collection western stop.
191,845,1,Yes only would always event difficult.
2931,926,1,Matter nothing state.
602,558,4,Half teacher win nature south trip site.
4142,11,4,Rather style especially employee heart us interesting.
1461,217,2,Land natural near beat end there.
4697,919,4,Painting behavior lot who.
4417,394,5,Cost can same daughter without during.
360,364,5,Serious toward like skill rich nothing.
3812,253,5,Business traditional radio law until serious rich maybe.
2157,580,2,Decision yet above method suggest wish.
902,921,4,Listen seat involve should seek subject break practice.
235,803,3,Large young hear daughter very respond religious.
4113,162,1,Energy front social time per.
1363,70,3,Production best sure TV before close.
412,928,4,Tough usually land look nation fear draw.
3911,329,4,Population account apply recognize.
4497,236,4,Include necessary seek wonder fact guess.
1239,900,4,South anything point final.
1419,368,4,Mean suggest who size subject white.
2774,153,4,Town will defense relate system police.
4619,407,5,Act age consumer.
4470,61,5,Significant Democrat PM.
2495,778,4,Team country animal hundred life bag.
523,309,1,Rule lose study will both surface.
2739,38,1,Provide check contain day.
199,404,5,Forget in by actually watch lawyer worker.
4350,446,3,Key kid figure wide.
1518,254,1,Quality last serve.
857,604,3,Kind opportunity result action.
1980,366,4,Hold affect town practice various item.
2166,237,4,Activity green speak.
1470,256,3,Seek something common sell news care American.
43,704,3,Green report point one others trade.
1003,914,3,Go sea tree.
4367,346,4,Return night win talk government.
765,770,3,Keep hard decide.
1898,311,1,Remember election energy.
2972,539,2,Recognize either talk growth training him put.
1283,609,1,Car item expect conference.
1219,244,3,Church party book later glass since.
3993,194,3,Can page right certainly business hand property.
1838,270,3,Read research life become behavior than shake hair.
1503,430,3,Four million according eat sell culture program.
3074,867,3,Computer fire my sign occur food indicate.
2228,652,5,Measure experience mouth evening professor citizen phone.
4489,414,2,Lay middle color step million third.
3729,284,2,State create voice another play through machine sure.
3341,603,5,Recent stock situation.
4811,195,4,Huge forward result begin system industry.
3362,556,2,News fly rock determine most fall painting.
2394,335,5,Food body image station art.
4070,603,2,Hope out series pay nice agreement.
1612,490,5,Simple film father anyone would spend throw result.
2958,171,4,Fill wrong eye near.
1893,593,3,Care task space probably indeed.
4237,800,2,Positive war resource.
3767,713,4,Field development drop our large economy every effect.
4986,55,1,Society soldier vote night already consumer.
125,393,5,Wear generation second enjoy could.
2533,296,5,Impact various hotel audience.
2393,689,1,A assume civil act others family only.
4789,864,5,His individual everyone measure.
4134,56,5,Program cell difficult director nothing member.
1883,839,3,Especially simple group environmental.
4817,445,1,Toward tree term contain available opportunity agreement.
3854,157,4,Safe show discover.
1712,62,5,Coach religious thank garden authority their American.
3655,939,3,Economy to bring item.
4958,269,5,Measure book exist education modern nearly.
2896,305,5,Cold care race business show ability purpose.
3100,40,3,Someone billion sea under rock understand.
2522,342,4,These like range home suggest option claim.
1572,281,2,Big picture indeed at.
904,244,5,Big size real police.
3017,567,4,Order company second this fight nor.
1804,88,2,Everyone rock pull letter foot else set.
1522,887,3,Skin light data rise participant possible.
807,962,1,Very statement listen mention debate there example.
4065,135,5,Government trip single.
55,574,1,Rate action fire country season the.
3860,955,3,Standard return class.
1120,665,4,Music beautiful same door.
2733,225,3,Sister course police great place central now.
1135,816,3,Congress first painting during.
2131,197,5,Sense arm base better for others artist.
2321,961,5,Just lay positive about.
1238,545,4,Brother form me much ever care.
3147,76,2,Front religious across word street box onto buy.
583,717,5,None wait card number radio direction.
1605,426,5,Quality wall place value single enough second.
1264,665,1,Water treatment suggest feeling financial civil coach.
4818,182,3,Win suggest peace identify ready east.
3034,614,4,Candidate born both building technology move kitchen.
2683,399,2,Home hotel culture discover including best generation.
4856,455,3,Bit set responsibility just.
2693,791,2,Owner official author style building she.
1353,662,4,Bag note cost military piece society.
3260,331,2,Especially capital child room reality result.
1365,464,2,Total bill enter voice girl trouble defense edge.
4187,877,1,Skin seat real perhaps easy structure computer.
132,117,1,Fear tax someone pay sing work agency player.
2394,490,4,Other catch focus.
153,970,2,Gun doctor name benefit pay data page.
1643,736,5,Little national professor animal lawyer.
4700,538,5,After beautiful middle agree thank your expect reality.
1670,506,2,Cup miss seem series.
4279,443,4,House still air hard important country free.
3489,950,3,Indicate race everybody.
4038,693,5,Democratic not likely certainly social black during.
3197,100,1,Lose energy author around pretty.
4753,44,1,Order save look arrive sing structure phone.
107,86,2,Lead southern heavy enter.
1162,286,3,Instead raise return test near candidate control.
1138,424,4,Always challenge music especially.
3692,984,3,Deal water activity charge war.
3318,783,2,It begin free.
926,264,1,Cut decade free economy.
4522,838,2,Media us statement continue teacher marriage.
4258,180,3,Thousand say in.
705,9,3,Produce resource human real.
3659,241,4,Open it stop performance large wait east.
2451,249,3,Certainly away step as.
582,518,4,Box eight fill result write stay military.
2945,426,4,Sure hear too.
2942,429,1,Thus together whose example teacher stock.
1816,924,2,Stop yes long customer.
1450,756,1,Reduce she animal truth increase.
3145,697,2,Ten mean responsibility yes head data perhaps.
4757,417,2,Movie see seek state become thought rule.
4142,509,5,Particularly improve off figure in space.
1820,125,4,Now accept professor player character.
3101,717,3,Republican son chair evening interesting.
1674,50,5,Tend spring dinner matter born drug serious.
2138,25,4,Across within get trip north across.
793,752,4,Strategy society couple we usually difference.
2264,907,3,Today Democrat your feeling into go several.
36,218,5,Medical resource write chance drive join want.
710,126,4,None day cell image east his.
2296,603,2,Cell behind under study.
1861,174,2,Character fall town military small challenge training box.
701,45,1,Commercial ever nature century.
2355,187,5,Current interesting treatment skin bit their situation.
4325,975,5,Trade save least rich way down.
3180,720,4,Western move course my middle state yeah.
4629,715,1,Behind red like sing article.
469,595,4,Part admit way.
3192,604,2,Certain sense either car kind.
229,39,4,Culture candidate far.
925,732,4,Kind which share expert nothing.
4023,460,3,Read cut win draw morning available road.
2550,998,5,True impact admit.
2065,278,2,Job effect what voice.
1082,231,3,To seven his whatever before rich discuss whatever.
479,845,3,Crime personal mention result thus no.
2610,637,1,Order strategy home best southern.
4916,272,3,Third stop song political evening result book.
347,656,5,That trial require require.
746,564,4,Property foreign big return.
4928,391,1,Can successful worry else.
2630,732,3,World sport throw natural back air worry.
3355,907,4,Sound tend race order.
4430,732,5,Then establish official arm scene assume determine.
1648,982,5,Bad free fear near.
2631,140,2,Simply benefit smile decide interview despite.
3297,462,3,Laugh force air central imagine today lawyer.
2945,782,4,Like quality father case.
3695,794,5,Hand address art box if guy benefit.
228,317,4,Tough traditional discuss usually.
4536,73,3,Quality American personal consider though.
2872,589,3,Seven practice anyone area second.
1884,742,1,Forget film collection run with across act.
922,311,3,Test girl fight sort.
286,74,2,Agree suddenly stage occur.
1269,271,3,Friend marriage down reflect husband Republican.
971,590,1,Station race final heavy operation state.
3022,298,1,International million only begin meet act onto.
3138,233,3,Rule season turn travel.
951,249,3,Strategy wonder government participant.
578,584,4,Form late research nearly.
4334,876,3,West town try front answer general set.
2781,544,4,Campaign behind week various.
1169,669,4,Officer serious race but garden cut.
2836,283,3,Read whose one upon.
4129,763,1,Loss interview leg goal identify.
3326,609,1,Wonder plan more get lay admit along both.
2848,245,1,Their game number southern kitchen.
3176,250,4,Sea perform bar participant.
3616,705,5,Serve partner themselves prevent majority many.
3878,555,4,Modern back report save report whose.
1906,330,2,Kitchen person could particular bill.
4719,556,2,Buy body visit let create.
3764,241,1,Senior something type choice.
4065,599,5,Source eat enjoy doctor one prove.
4007,768,2,Least although assume seat teach inside all.
1915,815,1,Rock television amount vote evidence morning have.
1119,730,2,Personal understand class.
2931,28,3,Civil gun somebody my reflect property head.
1624,277,1,Sing your help accept similar.
535,788,2,Arrive year six year have.
1769,338,3,Physical drug read.
4296,93,4,Deal apply kind would interesting happy street.
547,712,2,Soon relationship significant west wall century strategy.
1515,487,3,Role lose weight success line boy during rather.
304,191,2,Strong financial sometimes first collection ten suggest.
1682,270,2,All consider home put believe field since magazine.
1332,60,4,Group into budget likely eight trouble get.
1207,286,3,Against rate see.
2353,515,2,Character including certain guy minute old current.
1373,910,5,Hospital per I quickly.
1061,326,3,Society finally result evidence newspaper message black.
4345,216,2,Dinner middle prove morning.
4757,109,3,Only audience some even.
1686,78,5,Try adult analysis pick current.
3939,972,5,Safe dinner character around tend.
4515,453,4,Group radio season bad describe benefit heavy.
3072,623,1,Machine standard grow outside fund.
3741,659,3,Save rock environment group plant.
4289,799,4,Information newspaper kind senior instead true sit into.
2012,269,3,Environmental sea its language.
1618,38,4,Low book beat.
2508,861,3,Without school you difficult discover trouble main blue.
1181,75,1,Middle generation play throw magazine card.
1625,816,1,Trial summer bring what pattern develop four.
3126,132,2,Trial high have.
4701,275,4,From sign case perhaps.
1326,890,1,View keep throw million you toward.
14,503,2,System action white hotel wind sure second out.
4384,162,2,Short exist lot million.
2360,702,3,Budget interesting now.
1865,846,3,Half town ready use.
4378,476,3,Hospital run professional business office total.
1903,154,2,Offer if art market eye.
1502,841,4,Only remain but television region thought once.
1769,641,2,Light place couple stop.
1913,117,1,Must crime behavior war.
1031,501,3,Treat now deal easy stay recent throughout.
196,346,4,Down space first detail leave want.
155,391,4,Court person dinner western do.
1613,594,3,Close this course occur fund.
3352,324,2,Argue require popular senior back national who effect.
1073,685,5,Deal too often capital culture pretty daughter.
2823,672,2,Collection fact store try local have might.
2377,409,4,Vote whatever stay watch cultural son.
757,331,3,Pull I population build although.
472,925,2,Would share boy by choose.
1046,870,3,Treatment serious place off conference Mrs bring.
1967,923,2,Few price ten various prove nature.
3400,526,1,Its behind food heavy back pick firm.
1186,676,3,Adult firm process rule why.
3533,977,4,Say federal involve enough letter scientist provide.
2986,228,1,Quickly since study believe age religious reduce.
397,134,3,Interesting economy camera mother skill magazine.
1598,191,2,Walk rise religious themselves.
1885,947,5,Require key claim across.
1664,102,1,Attention build loss especially treat public main.
3321,681,3,Little meet program north drug.
2613,868,1,Opportunity long bar will speak.
4401,59,4,Model accept sense continue pull large wait.
480,507,4,Nothing consumer fly ever behind.
4976,638,5,Care treat company job.
641,582,3,Executive environment participant return.
3212,736,5,Natural get machine cup would strategy use.
4414,870,4,Unit rich usually player.
3637,613,3,Line man short argue star right sit.
4456,270,4,Blood building field against.
3373,233,1,Move member after case expert example only expert.
3505,815,5,Me trial than pick century enough media condition.
4788,88,2,Bar attorney series something give PM mention.
1919,808,4,Environmental necessary table face right.
3460,239,5,Voice call argue.
2297,144,3,Agree somebody while gas.
4580,1,3,Throw home nation light company.
2928,853,1,Better other look media worry.
1916,586,4,Particularly design ever free mission about.
1442,943,1,Too protect eye shake claim take understand have.
2522,581,1,Institution cultural quite speak.
3907,141,3,Put scientist school remember.
1352,385,5,Take bed soon board west.
2532,758,3,Eight instead into.
4940,413,1,Could pattern camera over able to.
1881,562,4,Hotel set man impact.
3050,994,1,Many black wonder view.
872,294,2,Ball off record phone door boy lead half.
2451,857,2,Garden debate investment theory.
1689,406,3,Effort so either boy interview.
4200,676,1,When whom own.
4886,576,3,Six take base floor will mission government.
3098,492,2,Organization life be although score form team.
2219,558,4,Control a from remember list two wish.
2046,772,1,Any father run somebody successful.
3978,577,2,Hand both performance relationship amount be.
447,583,3,Offer moment level themselves government.
3968,638,4,Suffer smile art section drive affect amount.
3128,565,1,Help issue happen pretty.
1891,565,2,Accept both manage central answer check range outside.
1925,120,4,Question young call.
4473,586,1,Mr daughter let staff.
3876,642,1,Friend tonight bill sure ability decade drive attack.
3033,284,5,Sound avoid will brother part.
1593,971,4,Control consumer personal recognize.
4120,669,2,Kid than research difficult cut amount responsibility bank.
1994,110,3,But arrive although money person candidate.
2613,754,4,Attack policy it hundred.
4288,887,2,Child and design officer might stay.
3116,991,2,Task side blue.
3837,91,4,Year might at.
645,561,3,Fact return behavior few cover.
2573,730,5,Anyone any southern success.
4854,580,2,Impact fear moment.
2491,713,3,Close sell professional.
2615,281,4,Firm world make control.
2342,639,2,During region defense project establish theory listen step.
2825,223,1,Poor above weight tough as ever what.
1817,968,1,Individual feel enjoy cut expert wide.
1602,63,1,Animal center heart detail project might bill.
4559,657,4,Human should imagine into only local reveal important.
2969,950,5,Everyone hard skill although leader property source.
3300,958,2,Either down social every bag detail day.
2009,176,3,Watch center federal fly young.
2148,433,5,Trial call back talk heavy we.
4477,893,2,Impact specific year long able.
4781,280,2,Campaign network speech president world open.
3482,411,1,Him peace world much.
2998,715,3,Sort do work work.
2846,125,2,Best green begin story southern.
4136,749,1,Quality participant people.
4830,498,5,Site quality role record discuss hold.
4863,113,3,Police include country for.
1807,758,4,Serve tell behavior reason care.
2144,564,5,Per however structure soldier shoulder item hit nearly.
3252,213,2,Peace development whole enjoy wide parent.
947,874,4,Specific radio American ten with international.
2416,899,5,Office general new.
684,215,4,Area far it story.
3476,738,3,Always idea market official.
677,396,3,Major become father most fact game talk.
269,524,1,Recently never onto specific above.
631,7,1,Both administration race kid race.
3662,221,5,Discuss professional opportunity us performance young quite believe.
1287,676,5,Campaign race prove author.
4104,782,4,Throughout within need loss main story.
1476,147,3,Save quickly say black.
1703,828,1,Something record everything responsibility floor only.
1948,643,1,Century rate others already.
2858,57,5,North service read when end while seat.
4140,277,3,Voice town list game design beyond.
2405,139,1,Entire entire imagine challenge today.
2679,242,3,Conference significant cover federal.
2305,199,4,Program yourself study however.
3282,402,3,Board democratic note Democrat door ten.
2349,144,1,Within today to none.
1316,768,5,Nearly leave impact try deal.
1020,654,4,To piece hospital pressure daughter plant for.
4197,254,5,Realize despite them on already another toward.
2236,874,2,Car lead add even image.
1644,589,4,Because few anyone camera market network listen.
4392,630,5,Between sound beautiful pass forget song.
4347,17,3,Oil we of physical office.
4134,911,2,Indeed green for decide.
1762,708,1,Son nation summer turn stock identify push along.
1442,293,4,Single behind over light body employee.
574,503,5,Market story there protect deal might music.
4864,511,2,Get trial think knowledge shake crime.
1103,444,2,Fight third partner body this.
2261,998,5,Answer social game again direction.
1772,163,5,Year heavy summer question myself though.
3536,527,2,Spend type decide maybe available leader.
1671,669,1,Together sea group sure control important system.
178,326,5,Something explain sea matter.
1640,434,4,Away reduce scene main physical light.
4418,21,5,Third or what record discover local.
2770,270,2,Off medical wish remain understand majority.
3225,277,3,Bring talk after nearly another.
639,551,4,Artist send within popular.
2733,193,5,Professional police window career.
3452,999,4,Best position style add picture name.
3001,237,5,Production fight such present machine opportunity worker medical.
3574,641,3,None eye star suddenly like reflect reduce.
1573,110,3,Huge free gas good figure mind.
3276,14,4,Reveal role man give decision third.
3304,899,1,Just receive still have activity argue.
2959,249,1,Analysis before media use.
4675,193,5,Build building international.
2634,957,1,Nature example away theory whether theory explain.
4580,712,5,Already practice way myself PM tax another.
3324,976,4,Challenge institution senior.
207,867,1,Anything describe quality old probably trade.
4480,953,4,Beautiful hundred out.
2244,868,4,Sense issue various worry accept already anyone.
1794,147,5,Agreement officer child cup fund.
3524,713,1,And approach perhaps three field.
2492,949,4,Soon respond mean example attention.
1357,416,3,Set cup art create fill.
599,780,4,Green red information.
2391,29,3,Do training they city.
4762,384,4,Other phone then future religious sell require.
4980,296,5,Audience reason evidence way.
4856,253,3,Book indicate box concern meeting recognize.
4367,295,1,Represent hour according rock type money husband.
258,283,5,Up arrive beat.
2853,686,1,Out yet policy speech.
1445,452,3,Trade against right carry.
4448,898,2,Account goal fight where little television sign.
2431,114,2,Risk tend rule far what.
1996,157,1,Before sport contain certainly seat person.
1359,503,4,Benefit argue edge such wish effect effect.
3100,468,1,Grow record crime thus.
2132,50,2,Talk play huge himself system lot recent.
1844,358,5,During it hot simply appear.
1674,377,3,Feeling yes news probably note benefit present fear.
4120,702,2,Pull organization relate.
4763,962,1,Point her final yeah song specific behavior.
2730,233,1,Now yeah explain necessary democratic training.
3065,899,1,Easy several yes appear.
3006,806,1,Even decision air central response west party.
3514,997,1,Address bad fight car rise into.
2618,507,1,Beyond section purpose.
1783,835,5,Degree us sort difference cup.
4243,621,4,Music east pretty there think could agency suddenly.
4755,148,1,Arrive college simply factor.
1022,391,4,Able two if quality.
1910,448,4,Stand sing visit amount expect box.
471,695,5,Medical newspaper value among how century.
364,814,5,Own two statement.
4799,906,3,Carry in act.
1819,977,1,Sit once military car what issue set.
4621,937,2,Enter budget more benefit here your have.
3283,835,3,Top true many west with.
2579,965,3,Sign quite catch yes picture.
3149,200,4,Arrive real car product.
4759,941,1,Might southern argue firm catch.
2242,366,5,Half including current military wind not between.
4601,494,2,Contain win opportunity require.
2700,276,1,Simply bank ok style class whom.
4301,34,3,Authority analysis area among head leave.
980,766,4,Morning power art find pay.
3097,358,2,Article recently enough good old system.
4464,541,4,Example high road.
3633,221,1,Sister foot deep start question mission.
2880,235,2,Front force deal south nature economic can book.
4045,849,4,Reason occur cause American time.
3454,928,5,Enjoy member owner investment total moment teach.
1279,614,4,International bill blue put church between career resource.
31,124,3,Determine five if instead animal.
4720,8,2,Ten purpose cup.
1746,245,1,Government clear blood.
814,515,2,Charge nothing system another weight.
634,888,5,Process story tough reduce.
318,450,5,Analysis success business onto.
1832,206,1,Local small woman page.
2776,675,2,Color at share.
2037,548,5,Condition maybe water edge.
4190,537,2,Population red often including use laugh condition.
267,327,3,Computer beautiful view language begin write.
4947,582,1,Country interest ask again agreement whole apply.
2254,684,4,Believe authority wife none south.
4196,935,4,Myself avoid western bed sound challenge politics.
2528,515,4,Protect energy young into machine.
2965,130,1,Bag vote entire rule candidate.
3036,947,2,Never which too son less energy.
545,621,2,Per ever specific include race accept author.
662,579,5,Paper number black person who.
188,406,5,Little word on apply me.
2601,854,2,Product bring despite road appear heavy most.
962,976,4,Difficult military nothing society thing.
3125,344,1,Position reflect late.
4570,575,1,Show all another these impact.
2192,812,1,Weight relate will firm eight.
4396,632,3,High discussion meet rule many management.
2587,560,2,Official sister evening choose voice.
2709,567,1,If field particular add certain debate.
3286,86,4,Under back successful quickly effect.
3049,155,2,Know drive easy road until necessary board.
3242,34,1,Something house while debate politics less.
96,265,3,Must make worker fly accept parent.
976,917,5,Art behavior cultural form.
2854,20,2,Rest us development politics.
4107,701,1,Stay kid general.
2392,481,1,Only ago political where.
3461,735,1,Central another be under such career single.
154,946,1,Organization run prove family reach sound cup.
1772,340,5,Mouth new yard subject.
4624,143,5,Health single write rise west direction.
10,651,4,Medical how recognize.
3775,120,3,Discussion play something until between carry.
1662,757,5,Itself management future spring act with.
2671,338,3,Fire consider life election trade.
4213,729,5,Role same notice somebody.
4974,239,2,Note must idea walk base.
4242,104,3,Father citizen create he.
3525,514,3,Heavy beat fear become sign.
2537,855,1,Network market face candidate.
3077,804,1,Just baby staff into.
3719,916,2,Economy true lay himself group.
600,236,2,Factor family friend building alone might start myself.
2639,510,1,Evidence television this program.
2305,703,4,After other indicate.
3021,622,4,Thing five institution involve health.
2690,963,3,Child not option maybe.
498,376,5,While stay more key may result look trade.
457,945,4,Herself read election agreement.
2347,368,2,These add new environment their.
3585,789,1,Evidence wind eight ten director travel.
2583,744,4,Should everyone gun without sign after.
217,376,1,Modern hard attention go population raise along.
1690,163,2,Visit former TV travel improve finish decade.
745,415,5,Walk century yourself take vote.
2978,953,1,Page short raise determine young nor stage.
3859,101,2,Away garden company television science raise.
3518,473,3,Particular time prepare friend term product.
4539,524,3,View their suffer part bad.
1315,743,5,Most example claim development sister different bar.
3830,318,4,Forward effect owner speech letter series reality.
644,143,2,She real west cut brother rate natural.
3591,230,4,List movie eat pick middle instead.
875,797,4,Either bring own crime focus relate speak.
3861,594,1,Message quickly future everything last.
108,15,3,Campaign pattern fight.
4681,403,1,Rather meeting still nice quite clear president.
2743,108,2,Perform degree just game probably.
2753,473,3,Face require thousand street message.
4233,107,5,Campaign camera maintain her.
3186,22,3,Prevent own red edge ability fly.
2303,824,2,Spend current news field.
1592,660,3,Eat really such tell cup scientist fact.
2516,206,3,Wish other base traditional miss.
3864,941,2,Police test citizen leader.
2032,855,1,Strategy the establish choose director century spend.
420,439,3,Five program remember art good while back.
2969,667,3,Anything month energy cell energy.
3685,610,3,Interview hair million rock daughter.
1888,707,1,Yeah box class attack.
402,750,5,Policy tend plant call issue process although.
2237,823,5,Boy low center maintain really fish.
1020,475,2,Attack early commercial.
365,40,3,Plant within raise.
1233,199,2,Woman human worker concern reveal simple medical.
2844,328,4,Economic hope all.
2542,986,3,Financial concern popular name risk.
4768,688,1,Thousand in would leader they.
2262,12,2,Bed arrive yeah.
368,768,2,To onto behind laugh.
4820,554,1,From pressure dinner to TV method art.
1242,933,3,Teach include fund forget analysis.
3362,249,4,Price put several song woman stand ball.
571,706,2,From remember put visit quality.
522,988,3,Tax third let statement thousand future.
737,503,4,Lay future long.
1713,192,2,Against eye important road between threat care drug.
3508,268,1,Well Democrat surface.
16,594,2,Seven go defense officer ask.
4705,819,3,Respond sound which garden.
1942,244,1,Data system remain close.
480,848,5,Break stop support skin require.
4875,887,2,Officer attorney career what time.
2989,588,2,Stay rock try central local.
4252,329,2,Away near really list authority but feeling owner.
2384,523,3,Career team difference.
1879,995,3,Collection including he source.
1552,998,4,Try option happy site.
53,160,1,Radio page join issue.
4340,574,1,Kitchen power special me happen prepare trouble.
1454,380,1,Congress above new serious.
4352,1,4,However entire his get agent.
4287,228,2,Director nearly ability.
2450,975,2,Southern play political series assume game cover.
4218,451,1,Live defense where such.
2535,725,4,City benefit fly green everything house.
887,596,5,Her which public dinner any research.
1856,623,5,Site enjoy three especially system check.
3301,135,3,Study still paper common opportunity cup.
2947,105,3,Foreign half want only.
2918,257,4,Their key keep change.
3926,567,2,Firm down develop without.
3675,542,2,Improve class imagine.
4236,838,4,More article big model.
3399,424,3,Loss audience good light exist air.
4296,464,4,Choose wind walk responsibility feel.
316,694,1,No fly ask spend carry crime almost.
957,789,3,Source take field able.
2299,86,2,Base decide week hand senior last.
4640,250,5,Few election police goal federal.
3859,438,4,Each over two truth deep there.
1261,564,2,Bed space point television want soon.
2120,282,2,Laugh medical sell next off.
1367,704,3,Color get material capital act probably building them.
962,913,3,Such base staff national.
4413,504,2,Practice minute manager level should bit everyone.
355,745,3,Tax end approach military.
1141,748,1,Behind technology help simple last yet may either.
629,984,2,Candidate because rest recent keep city.
4798,105,4,Mean walk big.
30,819,2,Water player sign attack choose scientist.
3135,142,5,Nor fact growth least product center create.
3406,843,5,Draw Congress voice color late ability.
1064,16,5,Hand lose professor each dream although however doctor.
819,854,2,Young customer simply our movie.
4810,880,2,Life million American other wish show both.
209,939,1,Capital meeting particularly third include.
4599,317,2,Check capital college despite relate.
3193,40,5,See pick exactly respond officer your fall.
3845,861,2,Know chance mind hot eye.
2749,676,5,Remember thank father process coach those.
1399,202,3,Tv reach without past laugh both have.
1512,304,4,Establish protect job same identify parent must.
1422,483,2,Garden sea over draw him question move.
4140,116,5,Pay help quickly tend read behind body.
3366,281,2,Return recently generation summer case.
706,186,1,Agent because fast guess anything activity throughout.
1464,390,3,Democratic success identify plant finish produce different.
718,48,3,That space behavior work point dream sit great.
1901,241,1,Level director response benefit miss large.
642,23,5,Simple child Mrs happy well.
3107,727,3,Form provide probably.
3685,837,1,Surface close chair candidate recent teach.
659,106,2,Leader image seek culture.
4755,481,4,Vote TV institution Democrat.
1579,210,5,Treatment agent will quite TV number.
162,231,1,Look itself table project old real herself.
2063,5,3,Early me catch course.
4416,560,2,Daughter pay audience number drive.
4385,358,4,Five feel receive them population couple.
574,624,2,Fire pull remain speak bar bed executive.
1313,71,5,Old her much group.
4508,904,2,Goal relate international pick on six.
4129,904,4,Practice name side sort.
4491,151,3,Pay rule out.
4247,505,3,Student early free state.
101,299,2,South including art already dinner manager knowledge word.
1030,935,3,Bill total thought north.
3194,439,2,Get them identify new suffer fund.
1093,511,3,Trip yeah total exactly imagine prove case crime.
3414,301,4,Stage nature security must short.
4212,698,2,Security show list leg particular environmental boy where.
1780,234,5,Hour coach agent brother garden sound listen.
2161,323,3,Short key organization political stay.
2234,752,3,Happen personal tend boy in establish.
2047,333,1,Year relate religious security big wonder.
1546,155,5,Sense glass ten husband myself movie where.
786,252,3,List provide condition system stuff language improve.
75,942,2,They today body fear throw condition.
4873,770,5,Card arm case run.
694,118,4,Skin enter notice behavior.
3378,390,3,Author near choice former international gas.
4724,744,5,Plant single option little.
449,849,4,Interest material sit window.
2497,91,2,Threat first floor show maintain early foreign.
2872,307,3,It skill receive follow conference traditional police.
4371,865,1,Thing design item measure.
1468,397,2,Network number door media class time.
1718,894,3,Manage draw easy choose million wait beyond.
2386,557,4,Policy several economy government.
551,354,5,Smile test keep laugh huge develop hundred protect.
865,735,3,Money guess car.
2410,754,3,Discussion study under measure become.
1240,987,5,Force money finally present Republican.
2681,376,2,Fact officer over field consumer million cost.
4654,216,4,Walk activity baby attorney later.
993,944,5,Eight name book audience information head.
3072,89,5,Along difference store.
2147,602,4,Student poor very many.
4462,254,4,Performance read team short between.
480,374,1,Way improve together those address street.
3763,269,2,Face life take recently there impact pass.
244,153,3,Challenge trade level certain.
4944,106,4,Anyone task development education.
3045,828,1,Out fish listen role.
2587,123,1,Trial entire baby face size final news.
1838,483,4,They nice or bed.
685,300,1,Part local name white share.
2178,959,3,Walk author recently training draw myself participant smile.
4434,465,3,Magazine realize note kind.
2349,452,3,Water understand rise that level statement word.
1090,665,3,Major ask face thus thought outside structure idea.
4376,207,5,Attorney white various difference deep we.
3579,4,5,News over edge down tough region three.
2671,616,2,Woman then role history president against.
4179,59,4,Itself figure event eye often.
1022,87,5,Mind record trade together year allow red.
2221,526,1,Maybe then four center pattern together some.
1547,850,5,Write last exist again change news note.
549,161,4,Admit do spring wall war.
113,612,1,According trial even maybe color song truth message.
329,289,2,Feel hospital theory election full social.
2711,464,3,Power big agree goal leg.
4198,700,2,They near total quickly would about behavior.
2316,986,5,Around information practice change.
3070,749,5,Night prevent safe right herself.
4268,928,2,Opportunity both student side beyond under shake somebody.
434,859,5,Ground design data brother wife example.
338,692,5,Number wife Republican.
1477,608,3,Test choose speak institution phone bit so.
3570,170,4,Three speech rate stand city through.
2882,621,2,Word kitchen lose morning soldier.
706,421,4,Myself fear town three party.
2450,595,3,Side dinner ten writer kitchen really.
3029,584,4,Meet ahead but civil apply.
1617,599,2,Concern out medical usually star of current.
3647,738,5,Summer again growth its.
1487,703,3,Avoid few science.
3953,571,5,Form southern that evidence.
726,22,1,Sing five any firm.
1399,585,2,Officer list entire how.
2886,342,3,Challenge as visit president matter attorney song.
1705,229,4,Table fear me approach either.
4728,52,1,Nearly beautiful hot decide whose hear.
691,753,2,Indicate military game responsibility what night.
1942,793,4,Sometimes wonder level.
1605,633,5,Discuss whatever there pull.
734,156,5,Evening design positive attack year first.
1493,639,5,Keep current good section.
4144,523,5,Environment agree this business reflect begin.
1803,155,5,Piece ten police realize cell produce concern.
35,110,4,Fish maybe recognize thought defense could.
13,801,3,History assume stay full.
2847,690,1,Leg rate executive fear media both.
2207,528,2,Learn guess the throw media what themselves.
1237,602,5,Six leg begin purpose test.
4877,632,5,Clear theory friend service young hour low.
1811,86,4,Film close feel reduce dinner meeting not.
1191,427,3,Every save relationship read dinner third fast.
2267,232,1,Around movie send tell push program mention.
4161,809,5,Nature later method.
4225,261,3,Kitchen give important watch pretty.
843,157,5,Economy idea glass rise.
322,502,3,Cold parent anyone want job current.
3444,946,3,Author artist new paper natural.
4493,877,4,Product fall conference traditional western this yet.
4325,327,3,Tree early art notice each help.
4964,383,3,Movement book sport this right.
4750,889,4,Republican whatever under deal question.
2003,955,3,Worry recently power trouble option fine member.
1669,534,5,Candidate suggest fire support affect.
670,655,1,Bill blue station just consumer relationship.
4191,327,5,Star artist foot return.
2899,250,3,By seven of mind event face build.
110,391,4,Choice prepare hold.
3808,608,4,Go performance when.
1464,249,3,Activity real though perhaps world indeed only.
1488,98,1,Write Congress someone south.
3160,826,1,Receive way management on across employee recent.
3147,890,3,Mission continue surface politics scientist from.
3138,312,3,Color score agreement firm energy enough.
3844,813,5,Form fall skill hit course.
1264,737,3,Sell most authority some always professional or top.
4797,751,1,Measure quality cost new last natural time.
3003,891,4,Letter risk drive though possible of event.
4639,156,3,Guess bad listen city.
25,36,3,Under best physical stock paper.
2272,448,3,Boy race pull couple similar cause hotel until.
3665,626,4,Lawyer at off rock sign.
3417,558,1,Song true career organization enjoy employee.
3209,358,5,Station send degree us.
423,379,4,Provide assume site interesting image however tree.
2299,810,4,Mind stay despite inside national foot investment skin.
2673,697,2,Charge between energy practice matter.
1597,94,4,Wrong reflect kid together everybody today.
3604,618,3,Eye air oil process.
4936,704,4,Reveal financial argue wish weight.
443,267,1,Use issue raise.
3500,213,3,Group can pattern carry design test.
1345,97,5,Memory marriage never media leave professional interview if.
2703,495,1,Believe have off.
775,779,5,Phone similar require require.
4767,970,5,Region safe arrive deep.
4427,605,4,Seven space table skin.
4246,27,3,Strong might up expert me decision trial.
2628,160,3,Able start write her clearly almost recent.
640,300,1,Tree evening water bar thank hard.
962,816,5,Weight main fight worry nation.
1536,447,3,Parent practice fall play that about.
1048,638,2,Goal artist window than enjoy particular.
3155,30,5,Medical democratic member site cup.
353,329,5,Son road training.
4479,486,2,Firm lawyer everybody continue.
234,114,3,Degree author help adult somebody theory capital.
1231,783,4,Walk approach become foreign.
4717,497,3,Friend these American a.
4522,260,5,Hit federal bill various believe finish customer.
4046,102,2,Woman north nothing.
3376,357,2,Surface wish result indeed defense.
2878,934,2,Throw four central discover discuss through.
4217,463,5,Rather will understand discuss.
270,132,4,Fund seek put far morning allow.
3686,235,1,Force eat program consumer together job.
1900,896,3,Bar around artist success.
1064,399,5,Treatment teach work mother.
4102,567,2,Adult hand room cover cold like.
2887,668,5,Analysis return while now money professional personal.
4079,717,1,Others purpose simple blue seem.
3188,151,4,See figure phone us but other.
2297,236,3,Across different camera person hear.
463,900,2,Young evening serious area computer else.
3984,523,1,Report positive me past next level north.
3327,852,4,Ahead federal possible spend success fly.
4945,890,3,Box car citizen prove community unit.
276,852,5,Themselves state similar catch protect together coach ability.
4412,453,3,Answer standard sport number politics item whole step.
3351,86,2,Growth develop able beat property upon.
1946,939,2,Bit with item less.
3955,702,3,Various company according public bill picture recognize.
2543,775,1,Participant election service image arrive employee.
3852,613,4,Pressure fund magazine story base skin wear.
4862,570,5,Short foreign want.
4269,250,2,Development record themselves behavior explain move life among.
622,935,5,Phone develop life wall benefit glass president.
620,23,5,Whom her that citizen under value rest realize.
2850,986,4,Case decision police police very.
2869,927,1,Politics over civil with first economic.
3017,882,2,Pull name serious.
4340,932,1,True end hit skin until anything.
2273,244,3,Contain attorney student deal several knowledge interview opportunity.
2442,478,4,National pick manager significant apply music land area.
3133,931,3,Police but politics great hospital cup.
2880,413,2,Whose number sort type history next by.
119,189,4,Activity general discover level agent can week.
3477,97,1,Property arm account exactly who result.
2677,492,2,Themselves herself method somebody two.
384,628,2,Recognize huge share management.
2502,102,3,Capital world practice country.
3286,702,2,History different play general system that civil.
111,112,3,Military teacher write industry Republican.
1362,349,3,Population technology doctor truth PM occur last.
371,218,5,Behind significant discuss cut summer learn work.
710,503,3,Rest player why.
4864,615,4,Performance garden director trip operation.
2094,444,5,Suffer under loss break keep test.
1879,744,3,Group want authority probably point subject rate.
125,230,3,Mind figure stock ever rate avoid wife.
1106,406,1,Crime floor cold.
3473,675,1,Back data where language.
4677,230,5,Exist itself cut future kid back people.
3620,415,1,Various fight change.
2620,647,2,South something while stage.
4739,851,1,Car there start realize no front.
1355,540,4,State at admit wrong.
3512,542,2,Individual son show animal response.
450,663,1,Actually person not day yard style.
1876,617,3,Skin opportunity community center attack court space.
1041,964,3,Question detail continue probably animal matter million.
533,188,5,Stuff well above.
2831,313,5,Fear culture position design somebody husband.
3593,355,5,National yard town relate exist.
3394,61,5,Kitchen it focus must.
1577,807,2,Trial catch agency realize walk argue baby.
120,900,5,Debate current movie another throw.
4520,974,2,Environmental policy environment probably teacher me.
3816,892,3,Drop its wall wish force customer.
1269,552,4,Election court much organization smile own administration.
2514,555,2,Of contain rich government eight police suddenly herself.
2220,334,2,You technology exactly eye.
2570,679,5,Her east position production off herself.
3831,268,5,Senior ok marriage nearly dark.
2433,188,2,Almost movement really who executive religious street.
4557,773,2,Bill decide could forget between.
4217,418,3,Involve course whole go write.
4569,70,1,Successful able little field light each.
2071,450,1,Stage onto benefit picture account might alone.
884,239,2,Night raise simple keep myself government administration.
2901,486,3,Forget low assume poor bad hotel.
797,741,1,Certainly situation near style TV concern.
2995,650,5,Decade yard garden either everything.
1464,707,2,Arrive common fill only western.
24,576,4,Choose political for system.
931,127,4,Trip really laugh structure rather education couple.
3516,56,3,Himself option always author.
896,421,3,Response police talk fall administration end.
4216,92,4,Fine film where difference.
4774,915,2,Key reflect remember resource.
4754,694,2,High piece several also.
3508,148,3,Future traditional fine gun account poor operation.
4279,578,3,Through sister design.
867,670,1,Imagine serve medical could break ball computer.
3449,723,1,Feel hair open modern recognize.
2094,344,5,System against whether billion action.
1098,248,5,Service stock ever truth.
3291,679,3,Manager scene protect simply.
3509,839,1,Budget nation couple word event reflect school.
935,652,2,Ask administration traditional again international finally inside air.
945,880,3,Nor rich take administration send.
4669,872,2,Activity his rather character so work while class.
1659,243,3,Year there tonight us majority moment fund.
2948,892,3,Game vote grow plant compare.
2822,655,1,Effect half me always.
3532,434,4,Cell best impact quite.
711,904,1,Finish tough goal one near exactly.
194,793,4,Together where expert miss.
2770,122,4,Policy image create hundred leg character recent occur.
1242,211,5,Increase that capital.
2338,729,3,Story yard part appear.
2749,953,3,Agreement put force somebody I color.
2322,979,3,Research home best local pressure realize.
2839,329,5,Recognize night training here box.
3022,834,1,Friend allow here performance.
4310,750,3,Father paper gun people.
3106,603,3,It long political shake garden assume.
4767,980,5,We per wide herself life perform.
3562,525,5,Western spend door against oil may interest father.
847,757,5,Chair place light name clear.
528,381,5,Gas some if everybody should collection.
1337,927,2,New case no onto.
2274,409,5,Really article bit final operation family.
197,768,1,Perform cover story what feeling site return.
624,592,5,Late possible young significant newspaper real.
4360,111,5,Serious strong court may imagine trip hospital Congress.
2971,443,1,Lot area knowledge economic put break.
4343,784,1,Physical somebody body physical poor recent.
4781,750,2,Air allow child beyond behind.
3445,721,3,Realize art there message.
2641,144,1,Girl imagine seem civil also before catch.
3048,639,3,Money player anything ten instead character evening.
1478,758,1,Debate improve mind top Congress clearly within.
1342,795,5,They institution most especially.
3918,344,1,Return evidence rock daughter.
801,138,1,Entire or daughter common poor past glass.
3757,642,1,Brother figure one avoid able write head.
3057,523,3,Catch try speech analysis voice herself.
939,583,2,Black agency teacher cup theory eye event.
4426,813,1,Education decision exist get.
76,198,1,Big body leader poor history skill break.
1689,634,1,Candidate manager dinner floor animal property walk.
4079,690,5,Court two large care score particular.
3911,608,2,Treat plan tree parent heart point result interest.
3927,585,2,Them feeling who hot add fast allow.
2162,559,1,Hold network about produce method.
3848,808,3,Structure court anyone couple though alone.
4910,323,5,Leave third data popular several.
2160,406,4,Dinner election upon even far.
3127,32,5,American will collection song mission.
4680,355,5,Somebody spring product.
1828,850,5,There lawyer environment wish.
3125,717,4,Charge something agency magazine allow sit once and.
1540,542,3,Little Congress them ready social first peace wait.
1286,352,4,Result almost prove often Congress others simple.
629,961,5,Democratic including well set.
4523,777,1,Agency population environment give perhaps.
1486,668,5,Close long they agree boy.
1235,543,2,Read number doctor computer.
4673,375,5,Ok partner rather however.
2589,830,3,Baby risk mission determine every.
514,387,1,Million about form approach like.
595,760,2,Go carry similar staff voice great.
4974,731,2,Pull writer line break expert he.
3286,935,2,Professor hand word should.
2167,969,4,Compare tonight behavior south him.
4350,124,3,Save rest character animal huge everyone rise him.
1167,518,4,Light general good central girl end.
3925,895,2,State practice manage much.
3501,156,5,Watch movie get perform to their idea.
1778,947,2,Feeling follow Republican which town middle.
496,190,5,Movie newspaper cost black view.
2316,848,3,Share your sister effort.
4292,740,5,Base ago cup safe art entire put.
3883,180,1,Near modern consider how.
3065,995,4,Think vote ready long detail Congress.
1702,72,2,Toward tree dinner.
32,829,2,Rate anything loss no throughout produce.
1783,979,5,Direction let threat get.
4284,404,5,Job authority system outside.
3505,772,1,Group class agent good any decision.
2665,509,4,Subject situation over attention raise.
3022,94,3,Result account chair.
2643,635,2,Add move me bit not move difference.
1098,667,2,Recent section answer evening.
2316,381,4,Size begin suffer me operation own.
4911,111,5,Example shoulder watch hot conference.
2551,472,5,Something article special.
4709,251,5,Modern age democratic.
2470,51,5,Thing when issue myself.
126,134,4,Red join skill low even age.
4603,17,4,Answer smile model store.
4616,615,3,School back right expect within situation need.
3916,71,5,Must they receive several mean.
3455,361,1,Film according way program part blood.
4740,669,4,Something country crime want way.
2106,743,1,Student ground consumer week say note peace.
2847,761,4,Admit decision who church safe thought leave daughter.
2564,368,1,Management gas there every rise church why.
4679,368,1,Then he grow sign allow evidence street.
3488,365,2,Add smile thus son somebody.
4500,201,5,Wrong prove challenge main collection interesting.
1181,918,1,Against day population be now region.
2853,685,4,Growth rest threat local.
3283,366,3,Population go walk coach.
3656,342,5,Thank recent step hear drive.
4131,185,3,Participant project do others tell.
3154,758,1,Heart specific effort yourself ten first pretty.
3680,724,3,Message condition modern hotel.
2031,812,5,Side civil fine soldier.
4110,452,2,Everybody affect better police computer politics.
1902,810,5,Rest sometimes clearly bad air after.
1346,603,3,Range student interview none less clear service.
3319,67,2,Drive morning turn.
2851,178,2,Still exactly break huge avoid under.
1697,7,5,Number be special address.
1412,303,4,Anyone animal create organization arrive fact large whose.
4418,250,2,Price then speech nothing way.
4760,24,4,Trial rather wife.
4058,776,4,Will environment measure economy.
4835,10,1,Chair upon on should good.
3103,316,5,Small own agency organization least life bad.
3110,132,4,Compare civil choose institution pressure research wish bag.
3789,868,2,Place second one model.
4097,266,1,These before work throughout woman travel analysis meet.
4602,30,2,Wrong another any dream easy top magazine.
1367,66,4,Price science paper join save.
3895,558,4,Nature ability system by name floor network.
219,895,1,Relate within happy view.
564,402,1,Prove seek material tax.
242,687,2,Father minute history beautiful certainly expect.
3645,984,5,Example individual cause help bed blue.
804,423,3,Evening wide say model physical.
2213,241,2,Control staff pretty environment meet very.
4927,770,1,Radio Republican choose technology pattern.
2255,104,4,Politics hour open.
405,932,3,Side successful meeting street late hold others.
4476,760,5,Grow bag keep truth above discover trip.
1591,799,5,Town here customer agreement speak anything.
588,770,5,Enjoy imagine government heart nearly half.
2800,843,4,Pay size story agree responsibility trial watch.
1199,456,5,Perhaps local alone continue successful.
2110,140,5,Base catch billion low far course.
3034,851,4,Yes agent believe or wear.
1375,751,3,Business state something suggest never.
3456,130,5,Owner charge bad cause around already.
4433,506,4,Enjoy occur finally myself scene trade.
1209,536,5,Control activity community.
2070,360,4,Book detail course move analysis happy.
2079,967,2,Program position safe small material.
4887,871,1,Decision southern relate new amount focus officer.
1968,209,2,Tonight morning vote degree within vote south any.
113,552,3,Four its time property heavy system.
3513,514,4,Break behavior movement.
4905,706,1,Become trial reason avoid prepare.
1537,943,3,Few painting idea.
2849,383,3,She smile growth everybody small power parent.
3655,239,3,Month yard type night threat friend.
697,418,1,Almost detail story want more box.
2640,104,2,School other economic traditional bar explain position little.
1045,343,1,Partner military three right thousand article.
2559,923,1,Huge pretty nearly order.
1081,591,5,Official relate be herself public.
3026,348,2,We tough by.
954,348,1,Language important industry whatever.
3082,805,2,Use make may type.
3764,944,4,Paper future agency TV.
3333,660,3,Interest recently there professional smile discussion data whole.
4295,417,5,Find at everybody improve language remain provide.
3099,68,2,Instead marriage argue Mrs.
204,189,5,Positive same care event add goal garden set.
2557,565,3,Character yard vote never.
4888,566,4,East town the talk a.
3432,321,3,State yourself almost perform point.
3124,720,4,Fly event window system from actually suddenly.
1440,917,2,Record to develop debate.
4631,671,2,Teacher word quite organization serve.
1840,10,1,Call nice your doctor.
1699,765,2,Development best marriage agreement really small.
3703,206,2,See protect seek will range person.
3588,690,4,Science true six argue card also best former.
1460,293,1,Easy despite morning collection get past.
2231,598,5,Now animal region magazine whose establish.
2533,715,4,Price sea six everyone story social.
4988,679,1,Wife effort grow brother myself course.
722,107,2,Machine determine glass will across hour instead.
2592,972,1,Yourself enough form.
827,151,3,Serve seat tree late hope.
2756,880,4,Nature talk marriage out others.
3216,546,2,Student hard voice likely campaign likely.
4470,383,4,Truth purpose church need where.
1430,246,4,Tonight eat determine president dog develop black.
3204,286,5,Whose around over left.
1707,13,5,Central someone sound worry growth should black become.
3500,760,3,Both provide cultural expect coach.
4605,10,4,Worker project minute likely enter hair edge.
907,220,1,Have break happy seven give.
2272,962,2,Sea skin generation owner skin writer statement town.
3436,954,5,Effort coach even technology clearly cell people big.
85,323,4,Safe too change participant skin break hear idea.
3922,923,4,Huge opportunity security goal value all.
4459,702,3,Environment whatever sea.
214,615,5,All buy mention I.
324,311,1,True just almost student fish tree.
4453,238,1,Because short chair land traditional student.
4821,722,1,Trouble herself tell bad place television fly.
3071,19,1,Series author life arm.
2598,33,5,Suggest successful rich language stuff.
4211,403,2,Organization chance interest article.
1729,387,4,Decision sing drop different them space opportunity.
2349,459,5,Speech at strategy.
3423,740,4,Part town team their six contain fill.
1723,288,4,Cup brother day sea image.
3231,794,5,Exist guess lot decision cultural ok first.
4092,598,1,Idea reason team each general.
1486,874,3,Human build before particular everything.
4508,16,4,Action north west her surface pass.
3423,967,3,This seven letter all.
3692,538,2,Life military foot whatever forward development science.
4088,328,3,Church understand contain.
2333,687,2,Explain individual short sit seek cover white.
4804,775,1,Center image leg sing.
4547,523,5,Stand good line fall.
4324,921,2,Candidate green term describe artist.
2262,200,1,Take many security develop lawyer voice local.
1095,406,2,Have nearly material leave time property.
2819,98,1,Administration organization another support plan.
4599,871,1,Improve pass more dinner expert.
692,816,1,Discover throw sing forward air lawyer.
4915,200,5,Quickly now leader education expert final.
4524,51,4,Single put three forget across bar.
3267,580,2,Economic last college activity.
3005,234,1,Hair spring study.
3495,553,4,Still image start get note strategy.
2972,364,4,Center create industry art speech high.
317,240,3,Rich support ago who drug.
2603,75,5,Including expect production you lead.
4849,603,5,On believe tell where see technology college.
4609,917,3,Spend plan fly behind.
1109,885,2,Traditional year add write final item.
3423,106,1,Some test near east young during participant.
1242,159,5,While question side concern.
3653,692,2,Later meet fly first pressure.
69,435,5,Also compare produce allow.
3370,489,2,Building place test recent effort the offer.
3695,954,3,Sister toward woman piece.
3045,664,5,Spend fine including as fast.
2438,39,4,Technology doctor PM soon want.
2045,327,4,Success various never.
795,328,1,Be her letter so common.
3875,143,5,Or most black particular plant yet.
4810,931,1,Ball require place arrive water two economy international.
2632,184,5,Weight I store rate hotel kind tax.
4004,551,4,Go painting there coach.
4908,24,1,Adult author to little.
3093,240,4,City suffer why management few capital trade.
2878,378,5,Law garden work.
947,211,1,Right student wind performance.
1887,246,3,North rule political wait investment over.
2022,732,3,Heart rock mission central they very since.
4962,360,4,About phone this side also.
1159,9,5,Each what they health.
204,599,2,Summer hot possible per indeed for film suggest.
1875,935,3,Reduce heart week listen building bank clear majority.
1763,192,4,Fall manager enjoy.
1948,551,1,Suddenly catch difference side.
4632,962,5,Keep writer interesting one.
3605,676,2,Both dinner artist.
1977,285,2,Before once sport different raise pick.
2423,151,1,Cold give compare heavy trade.
1241,733,4,Bill enjoy music well several.
3085,917,3,Forget not range state network return vote.
3096,745,3,Should hard and class direction.
4043,25,2,Most contain use born chair identify response.
2516,610,4,Or special administration toward story.
275,423,4,Meeting just fish investment car woman.
4441,963,2,Quality Democrat big environmental.
645,517,3,Perhaps half small attack.
76,801,4,Dream lead often amount sport.
538,415,5,Environment before idea join.
539,67,1,Admit structure operation face fine.
1425,810,3,Fast air these follow police record little.
163,348,5,Parent clear them space.
2065,839,3,Kitchen year process trip drug relationship most game.
633,498,4,Reveal clearly amount decade hundred.
4795,767,4,Whether important brother different certain.
1443,298,3,Near happy movie speak hair may yet kid.
2078,389,4,Benefit phone participant remember crime man.
30,7,3,Side oil against front still fast next.
1715,767,5,Medical officer sense everybody production marriage.
2575,119,4,Hospital authority itself response reality without western.
1947,974,2,Inside effect action relationship tell.
1521,145,4,May attack people down image one.
3676,599,2,Any successful can history above race.
3299,526,1,Traditional without strategy raise my.
1151,322,3,Station method activity positive character blue.
1135,128,4,Him first her phone.
2720,791,3,History produce relationship pattern.
4042,379,4,Identify some event recognize identify.
236,213,3,Notice four truth.
4759,444,1,Congress serve beyond camera.
3223,217,2,Area game election.
4649,669,2,Region actually culture.
3922,494,4,Simply common election opportunity most it upon sell.
523,154,4,Wrong hair within sport.
468,871,4,Charge yeah write offer.
4498,639,5,Decade sign firm admit on.
3911,745,3,Perform the together brother.
2844,213,2,Several perform story him she character.
827,682,1,Thousand bed run player purpose beyond real behind.
4345,262,5,Explain door drop walk bag leave.
3289,44,1,Message early personal seem fly scene.
991,387,5,Us personal price cover center open blue start.
1126,495,1,Detail five international north star participant.
2244,62,5,Institution hand attention parent.
2441,561,5,Skin word travel citizen.
659,430,1,Without lose eye choice while particularly.
2998,454,2,Practice consumer thing but ability color allow.
1086,558,2,Star with often light order whom.
877,864,5,Me kitchen television.
3896,520,2,Area state authority fear manage relate rest.
2304,652,3,Community lawyer college serious see field.
4541,962,4,Strong soldier official mission reality cold.
3139,694,3,Deep subject PM five number draw.
1385,573,4,Bring keep several commercial.
1613,649,3,Pattern sell national on level season.
2928,487,3,Sport law benefit Mr town.
2160,654,2,Across camera through least ahead provide.
1882,690,4,Blood team foreign amount money defense start.
458,235,5,Strategy sometimes hotel board whatever.
1205,907,2,Test travel read produce wind.
1840,349,1,Thousand music smile positive notice around lay moment.
2080,934,2,Say here conference story.
635,914,4,Sometimes they newspaper prepare key commercial.
388,534,1,Politics nearly sometimes move.
3989,6,2,Ever dark new step soon dream.
2318,995,1,So get argue case prepare myself.
1918,865,1,Law between through among condition role approach stock.
1590,407,2,Charge five behind word.
3814,976,3,Ever science bag yeah cultural fall.
1663,60,1,Since near I itself physical face.
2234,175,3,Why director various.
1128,173,3,Pretty past become imagine.
1922,880,1,Wait fund wish him.
1504,511,4,News expert painting.
3220,902,2,Vote partner add list will successful goal sell.
817,885,4,Hit defense recently glass although spend.
3367,286,1,Person hair gas outside education public it.
3607,866,5,Carry decide meeting ground.
1018,945,2,Walk over prove summer form throw put.
1389,249,4,Student talk evening type another each find.
1757,601,4,Friend center on woman near start drop.
2638,603,2,Energy range forget offer save support go.
864,629,2,Whose force worker course.
1190,626,5,Himself rule with couple sign benefit despite.
1722,602,3,Provide data two too executive through me student.
1242,128,1,Buy through rest few.
1729,125,1,Couple answer eye less cup white.
4425,933,2,Husband instead building top sister.
3320,752,1,From movement Mr teacher every low create wife.
1776,402,5,Meet throughout explain.
473,184,5,Leader party whether week.
1186,580,5,During consider small smile employee amount report.
3065,299,4,Area into whom into floor edge leave.
4266,507,4,Top trial top popular account really evening.
2385,269,3,People hot age of.
3922,64,1,At see begin professor.
3486,296,3,Try provide no land.
3050,774,3,Full agent law pay.
2644,947,3,Business situation dog increase good industry.
33,781,3,Camera decide early.
2262,261,2,Series area make blue.
1829,4,5,Several everyone financial.
599,972,2,Business nation season poor owner area.
3931,435,2,Once these ahead onto source at consider training.
1430,716,1,East land learn.
4040,642,1,Hair establish election wear to hard win.
4606,794,5,Section main leg never rule candidate simply.
160,631,1,Win major fight wrong catch single story.
430,701,1,Design mouth involve whose know music term.
1737,182,5,Hot front end.
4697,818,4,Focus kitchen how financial else reveal situation.
3341,843,4,Its just station film three always.
3119,669,3,Set probably surface easy five early.
2590,721,2,Social seek heavy behavior hope someone.
1853,777,2,Certain budget rule your whose measure guy.
612,472,2,Born address night.
502,428,5,Young probably performance.
3289,151,5,Activity federal reflect.
4916,602,2,Without by system.
327,122,5,Forward receive serious support.
1762,501,5,Whole authority structure consider near respond.
4516,282,5,Sell stop while black garden.
3888,50,1,Response wear let expect quickly.
2748,897,2,Scene buy network.
896,896,1,Enter rise side let same authority.
1931,177,3,Democrat its carry off theory degree.
2906,182,2,Term sometimes understand save national inside.
2836,212,5,Water outside goal condition since usually.
1533,935,2,Coach effort station police down.
2803,638,4,Hope he behavior.
3224,451,3,Point miss society out according fast.
3503,521,2,And where between realize free.
460,93,2,Just crime hundred such.
1686,269,4,However cut reach name section computer.
2283,746,5,Eight age magazine break move tell sport.
2238,385,4,Station get thank option near onto.
1955,146,1,Total food option church church including.
3949,943,2,Character write education know Republican with single clearly.
856,756,4,Well because nearly development part walk why thought.
1509,558,4,Conference why may.
3652,164,3,Student find cost charge measure.
360,798,4,Manager personal new table agent.
1638,538,3,Billion happy section result.
4848,120,3,Site sport pass charge evidence tell west return.
1289,174,5,Affect part election police from over understand action.
4972,321,5,Resource firm almost move.
1491,182,4,Available each face wife hundred eat.
2446,317,5,Account easy similar quite eight owner like.
3517,409,4,Stand once develop wife.
3056,644,2,Action score long wear improve.
4804,486,2,Staff stay account ready.
2741,558,5,Number size though campaign service.
1646,198,4,Defense team describe see sing drive.
4135,439,4,Total act fish clear.
2076,307,2,Trial cell hour theory try usually.
386,308,1,Big though society if create watch medical soldier.
3036,107,3,Plant toward southern number.
4563,456,5,Newspaper east benefit major shake decade.
836,299,5,Medical leg ago everyone film service realize.
3639,800,1,Soon table good get thought significant.
4633,344,1,Bank TV five attack every carry thing high.
4919,784,5,Almost measure despite goal ground.
1917,410,2,Hold watch open possible.
362,386,5,Pass fire himself.
4916,402,4,Capital science although mention care bank level.
2093,493,4,Threat far pattern stand commercial if husband travel.
1061,170,4,Of degree half significant.
4182,960,1,Laugh before at strategy.
2983,386,5,Partner on finish anyone.
2542,858,4,Billion nor south where choice.
2901,872,2,Professor key our attention save.
293,394,4,Voice threat plant probably night thought.
2414,390,5,Maybe himself may really theory.
1292,352,2,Body general animal condition.
1921,135,3,Whom past whatever follow where group.
754,941,1,Mr long value turn.
1717,751,5,Term candidate same ever arm ahead.
359,200,5,Part technology likely mean treat compare situation.
2848,636,2,Within political pretty catch response economy.
3541,114,5,Simply school quality Mr herself rise stand.
4853,933,3,Response find teach agency support consumer.
791,924,5,Sound mission attorney ahead each just.
1808,226,1,Base face heart.
1887,385,2,One present look defense enter piece be.
4503,216,1,Make purpose window already career.
1733,833,5,Teach break push financial degree.
2153,226,2,Along day deep position when discuss buy.
2312,301,1,Eat join pattern oil.
2020,676,2,Debate turn determine she large whether.
2064,69,3,Model conference husband.
1042,657,3,Become position early effort both PM.
686,633,3,System have pattern the.
3454,895,2,Movement notice week consider huge.
4636,782,3,Event receive health vote gas environmental trip.
4403,815,3,Eight thought add picture central keep.
4854,109,2,Mrs field just today sort buy.
2554,153,4,Congress power respond.
2021,396,5,Like positive guy like together training.
2671,308,3,There interest magazine fish four others.
3754,157,1,Series author audience standard.
3588,249,5,Maybe carry buy.
1614,892,4,Enjoy whole partner institution account.
3167,671,4,Manager and nature speech.
3797,85,2,Ok song gas recently writer kind.
1574,66,2,Be magazine old particularly who.
4116,688,4,Probably usually market argue goal middle doctor.
2826,678,4,Single look need.
2230,957,4,Change book stuff crime consider national break seem.
2180,931,3,Include prevent home management should.
353,449,1,Including report form home eye week office everyone.
3037,671,2,Sister tell actually.
4935,199,4,Though others table where professional indeed.
2493,532,3,Wait fear edge sometimes class figure probably.
4798,896,2,Range mention now western term.
2146,373,1,Expect training grow health coach summer activity you.
900,735,3,Knowledge modern garden better cell.
4869,728,2,Agree trial itself society gas soldier.
2430,229,1,Pay item while shake around relate.
626,44,5,Statement return good cold.
230,925,3,To ago animal purpose week success four.
4704,548,2,Style send speech term technology he.
92,519,4,However specific court walk kitchen prove strong.
2177,79,3,Interesting forward certain deal political resource.
2168,625,5,Own effect five without.
1844,419,1,Shake name main letter still father attack.
407,395,1,However nice what one break save effort.
2364,965,1,Them help deal activity large way food.
1844,236,2,Forget money on animal he.
2826,702,5,Mean certainly for phone expect surface list station.
94,235,5,Fact form successful commercial certain foreign some.
867,933,5,Organization traditional audience cold.
4083,463,3,While effect actually line media pretty.
3927,727,5,Budget husband lead view night matter forget.
1348,791,2,Indeed front simple we trade position age.
1838,956,5,Represent popular early.
3748,662,4,Despite but treat night fine able.
1752,562,2,Add up somebody game.
1459,126,3,Nearly TV page place education.
2962,775,2,Left method suddenly light woman travel indeed.
2765,75,4,Key treat herself success town treat bill population.
3470,103,3,Hear world myself collection summer.
2475,300,1,Growth address determine this own talk.
1605,978,1,Western little cause box style learn by.
3762,744,3,Effect real spend own soon benefit ago.
4931,460,5,View lose back choose help.
4978,283,4,Third door nature knowledge their sign build.
3963,172,3,Work say fast door quickly apply job again.
3941,616,3,Onto view pattern space through president raise.
2824,233,4,Model give sell.
4860,85,5,Say think Democrat.
2354,183,4,Idea lead four network others old stand.
1962,863,5,Without of hear hold science hour police.
2876,667,1,Radio outside particularly of specific animal.
3027,225,2,National range thus truth catch catch place sign.
1260,204,4,Fund discuss should wonder movement design you almost.
3741,970,3,Kitchen conference war teach today blood.
2306,746,1,Fast personal spring stuff thank majority.
211,303,1,Go amount pull determine common walk serve improve.
4167,13,4,Color hit behind three husband contain.
2501,838,4,Although city capital say bit.
1241,899,3,Upon trouble question model many moment pass.
2608,888,5,Blue consider good compare enough compare.
2419,929,3,Admit show today.
1493,87,5,Blue enter discover recognize water real.
3531,354,1,Quite exactly trial mother.
3806,73,3,Daughter form girl few agree society.
3030,229,2,Result school produce style.
4271,345,4,Business find week sport central value.
219,429,5,Low money subject image it.
941,487,2,While discuss year cost question left.
3930,422,3,These would responsibility perhaps no stock.
1326,63,3,Price save physical appear often pick shoulder.
1901,927,3,Suggest security through feel carry nothing in.
940,155,5,Road dog another clearly herself.
3292,445,2,Political else reduce tell series.
4028,744,2,Health inside always statement soon successful think.
1821,780,1,Unit deal with especially radio.
4912,717,5,Pretty side according number.
420,53,2,Fish pass performance wait little foot.
3208,765,1,Peace guy here Republican east garden window.
1683,49,1,Reflect plan when detail main president.
735,404,5,Maintain theory serve film hard already.
98,136,2,Effort each dream far speech local.
705,938,3,Organization discover foot same method.
1180,279,5,Wait five major design.
98,194,3,Boy full brother.
4731,348,2,Stock company when least behavior.
2787,452,4,Century once what cell.
4445,128,5,Almost like office eat.
3295,682,4,Game only pattern or effect kind.
3211,996,4,Various rock here mother amount a recently other.
1721,829,2,Own certain company may send.
3940,433,5,Popular name show.
4045,940,1,And reflect lose middle green total.
4549,607,5,Subject indeed case result language none fast support.
3386,813,5,Throw popular sit listen.
4333,372,1,Reduce small finish create produce.
1569,817,4,Many seek could.
1533,703,1,Then energy view story.
4635,404,2,Item fly forward.
4244,581,3,Attention center cell ever which technology relationship PM.
275,665,3,Product despite fund senior during wait away.
1519,810,1,Finish paper become ok fast.
3823,393,1,Half laugh important.
1726,618,3,Material young spend radio thus manage realize.
401,243,3,Couple ahead argue.
3482,52,4,For brother lose detail direction admit.
3594,252,3,Your area charge home.
4756,623,1,Those need finally hear see side.
2812,959,3,Total product watch second popular plan anyone.
2886,754,4,Whatever per despite majority later.
644,866,1,Nice reveal year school structure ask important.
4975,294,2,Interest majority collection lead marriage institution best campaign.
826,471,5,Argue and hotel cover like important.
1910,566,2,Scene these tell section wish of law.
3041,261,3,Protect show choose may tree once another.
571,339,2,While physical their out thank.
2958,28,4,Commercial culture power inside paper test.
3243,357,3,Rule listen expert kind fine market.
1628,605,5,Thought concern mean state.
1281,824,1,Group since develop generation for major.
626,838,3,Service think later little argue military sell mouth.
3420,14,4,Impact mouth yard level.
4754,135,1,Impact store will despite close upon all.
615,312,2,Follow show stage cover.
2258,88,5,Necessary let system.
1262,866,1,Sell hear experience may debate.
996,526,3,News practice important ability week without.
3172,788,1,Though blood me throw cup identify job.
3800,802,1,Black film deep remain.
3464,383,2,Or situation step someone week.
895,701,2,Suddenly him action happy.
3009,898,1,Heart between task we option top.
4769,442,4,Lead contain risk.
1509,166,5,No learn Congress parent time.
2112,276,2,Main important option tonight put word find.
3809,566,2,Step always animal everybody we.
4380,478,3,Course play form finish yourself.
1148,646,1,Local walk bit whatever collection understand since gas.
4994,7,1,Like only tough whether huge explain.
527,672,1,Nothing should her.
1495,854,5,Future federal far customer section.
2112,244,1,A especially development think since majority change sense.
323,768,5,Natural firm candidate age heart generation.
3396,428,1,Democrat where many how still.
789,267,2,Expect because ground add loss thought.
802,183,3,Carry newspaper throughout.
922,152,2,Head more here.
754,429,2,Occur claim national which.
2517,666,2,Both do gun her fly water international speak.
2731,233,5,Agency write environment few although defense reason.
335,536,3,Try choose assume any eat.
3208,670,5,Truth style dinner much easy pattern.
2433,278,4,Above someone simply yard young when available.
747,505,3,Simple feel usually follow spring.
4847,197,5,Style country business knowledge.
4488,120,5,Environmental center want.
2922,737,4,Look toward program race teacher.
1714,43,2,Letter dinner any most.
1900,413,4,Even family entire including edge.
1078,142,5,Foreign include agent piece thing work affect answer.
3451,681,3,Hundred store lawyer open culture.
1681,393,1,Scientist bed process candidate gas partner.
4961,196,5,Skin trouble herself base accept.
3297,1000,2,Shake that improve ready bit great response.
3834,68,1,Ahead probably thing nor unit spring computer.
3495,127,4,Leg daughter company explain admit.
46,555,2,Follow traditional ago.
1316,714,2,Subject under how my drug eat.
1877,255,5,West soon trial end plan apply drive front.
3584,940,5,Could success style source less.
3344,470,3,Statement doctor range method energy behavior finally.
280,502,1,Mission continue bank middle talk growth.
1335,840,4,Music follow morning majority above.
3273,86,5,Beyond drug city cup.
255,668,2,Bag program trouble happen draw product.
3750,334,5,Defense close season front name key.
4606,392,5,Window lot physical themselves fight represent set.
4542,11,5,Follow not economic.
155,397,5,Around language evidence modern individual.
4168,953,3,Magazine ability doctor our.
3076,279,3,Ago less discuss.
538,106,4,Order voice record skill.
1000,121,1,Interesting ever indeed they early poor effort.
4785,548,4,Per reflect relate though cut.
1024,309,1,Democrat assume item environmental.
2222,554,4,Own represent choose project.
1614,929,3,According spend bad now body agreement put.
2822,570,2,Quickly certain sea effect around.
171,119,4,Experience site that despite know safe.
315,73,4,Art represent class write speech.
2477,893,4,Expect prepare safe bill.
399,381,3,Determine outside affect human analysis customer stuff catch.
3221,59,2,Seven listen fine team speech.
527,927,1,Tough matter scientist tell realize across.
1221,388,4,Mrs share boy difficult assume.
2071,49,5,Big major all remain even.
2017,192,3,Speak central throw take work attention test.
1300,233,2,Various with decide.
531,594,4,Political staff wife fast generation hotel official.
